queso_cosmico_g,nivel_picante,le_gusto,propina_pesos
46.88,6.23,1,27.85
76.36,4.33,1,39.97
66.71,5.24,1,40.23
50.51,3.67,1,29.95
32.22,6.21,0,20.62
65.11,4.99,1,31.04
55.91,4.59,1,31.69
46.8,6.24,1,25.28
84.24,4.23,1,50.02
67.41,7.23,0,22.53
68.16,4.26,1,40.66
68.04,6.53,0,35.83
56.21,5.15,1,31.88
89.99,4.51,1,59.06
98.18,4.81,1,59.83
81.09,4.81,1,45.6
44.49,7.61,0,15.45
93.3,4.68,1,52.56
68.72,4.06,1,40.3
41.59,7.31,0,17.69
46.23,5.21,1,29.42
62.87,7.64,0,15.34
40.08,6.63,0,29.34
47.64,5.95,1,27.47
49.41,6.68,0,21.81
60.31,7.41,0,18.03
65.79,6.76,0,31.39
101.0,5.68,1,58.79
87.67,4.53,1,54.94
98.13,5.93,1,57.69
45.06,7.36,0,25.5
55.12,6.84,0,21.56
50.26,4.3,1,27.17
28.94,5.46,0,28.37
29.97,5.32,0,34.31
58.0,8.54,0,6.8
62.45,4.09,1,32.14
62.81,5.31,1,31.18
91.14,5.07,1,52.39
71.88,5.17,0,43.95
32.19,7.97,0,13.66
69.11,6.31,0,37.27
41.07,7.46,0,13.51
107.69,6.04,1,56.62
40.02,7.02,0,21.52
52.1,6.85,0,23.33
96.28,3.82,1,57.77
53.04,5.14,1,31.67
36.54,5.36,0,33.77
75.25,4.08,1,42.51
45.91,5.08,1,31.42
87.98,3.87,1,53.43
52.83,7.11,0,14.29
58.54,4.05,1,29.12
66.18,5.6,0,34.24
67.21,5.32,0,34.94
55.71,4.71,1,30.21
68.23,5.22,0,44.37
49.62,7.54,0,11.45
80.82,4.2,1,51.23
57.79,6.5,0,20.14
78.38,4.27,0,44.29
39.33,4.84,1,31.54
49.07,7.24,0,20.6
56.14,4.62,1,34.15
63.38,4.33,1,37.24
65.07,3.5,1,29.4
84.74,4.43,1,49.23
72.57,5.51,0,44.8
50.31,5.53,1,28.97
63.32,5.97,0,27.72
28.56,5.01,0,27.6
56.19,4.34,1,26.95
68.89,3.78,1,37.42
48.66,6.6,0,24.67
45.88,7.27,0,20.66
68.38,3.75,1,33.15
67.73,5.02,0,38.76
44.18,5.9,1,30.93
35.38,6.61,0,24.09
69.79,3.15,1,33.33
74.29,5.11,0,40.77
53.34,5.98,0,27.13
60.43,5.6,0,31.07
46.15,6.98,0,16.06
49.15,6.19,1,28.88
105.85,6.46,1,51.49
63.7,3.72,1,31.47
65.4,3.96,1,35.76
30.72,7.25,0,21.72
44.73,6.87,0,24.58
26.42,5.94,0,29.56
59.12,6.66,1,24.52
48.81,7.44,0,15.71
76.28,4.4,1,37.54
31.82,4.55,0,25.68
72.09,4.02,1,34.0
60.82,6.48,0,24.44
61.91,5.41,0,35.45
89.57,3.66,1,46.99
70.55,2.98,1,29.07
48.33,6.6,0,29.33
92.82,5.35,1,54.73
52.44,6.36,0,29.2
57.45,4.08,1,26.38
49.15,4.91,1,29.47
49.32,5.5,1,25.92
94.3,5.37,1,55.32
71.66,6.89,0,36.03
82.56,4.79,1,43.26
53.09,6.01,1,30.13
75.84,4.64,1,45.41
84.22,6.54,1,43.46
73.69,3.97,1,34.59
74.71,6.2,0,40.64
34.42,6.24,0,25.85
65.89,7.6,0,21.5
91.31,6.16,1,52.65
42.11,5.6,1,36.12
48.42,7.19,0,17.83
91.65,4.61,1,51.48
36.55,5.94,0,29.94
64.43,4.45,1,35.94
40.82,7.47,0,21.53
46.0,7.9,0,13.48
50.06,5.38,1,31.47
55.21,3.94,1,34.52
25.68,6.31,0,23.18
91.6,4.63,1,53.03
71.46,4.33,1,36.3
58.06,4.84,1,30.75
91.63,3.94,1,47.73
45.05,5.82,0,31.23
99.05,6.22,1,53.75
41.12,4.73,1,24.65
65.89,6.18,0,29.37
64.36,6.07,0,34.28
49.21,6.57,0,27.75
61.09,4.68,0,41.55
63.89,6.34,0,42.8
70.25,5.15,0,41.7
63.05,6.83,0,22.89
74.49,4.83,1,35.02
37.03,7.2,0,20.78
86.43,4.41,1,48.93
93.98,4.64,1,54.91
77.45,3.97,1,41.11
48.71,6.55,0,23.93
86.07,4.7,1,56.84
42.32,6.77,0,23.64
54.45,3.99,1,28.06
74.95,7.36,0,26.49
89.17,5.89,1,46.09
28.11,6.26,0,26.39
95.54,5.91,1,55.2
23.92,5.57,0,38.15
32.33,6.36,0,28.02
69.72,3.5,1,38.17
65.82,5.81,0,33.18
92.3,4.06,1,49.36
34.67,4.38,1,26.86
81.05,4.1,1,44.25
66.27,3.7,1,41.54
50.09,4.57,1,26.65
87.94,4.62,1,56.99
66.33,4.42,1,32.67
45.62,7.49,0,19.12
66.58,4.53,1,38.29
46.86,7.86,0,9.95
38.25,7.31,0,18.18
33.76,6.22,0,25.55
24.38,5.55,0,32.97
69.23,6.62,0,31.13
92.71,5.96,1,49.27
32.57,4.36,0,25.79
35.72,6.71,0,25.15
53.52,6.46,0,32.15
56.91,7.31,0,19.71
80.61,3.8,1,44.79
65.26,4.15,1,35.77
34.66,4.28,0,35.6
62.41,4.39,1,34.54
33.15,6.31,0,26.09
48.3,5.84,1,33.01
74.49,4.82,1,45.25
61.67,6.74,0,32.99
38.46,6.44,0,26.82
34.65,5.52,0,26.08
96.63,5.92,1,50.19
62.58,3.68,1,37.04
86.11,5.31,1,59.48
86.12,4.71,1,51.9
65.95,4.99,1,35.3
55.65,6.46,0,32.23
54.38,7.49,0,11.82
24.76,7.11,0,17.73
44.02,6.8,0,25.22
51.77,6.76,0,21.6
55.74,4.54,1,30.99
74.63,5.85,0,41.35
74.41,5.38,0,44.55
52.02,5.49,1,35.68
68.49,4.43,1,38.28
53.93,5.66,1,32.54
78.2,4.4,1,37.68
60.77,5.12,1,33.41
55.49,6.87,0,19.69
93.26,4.61,1,51.38
20.54,4.88,0,27.58
77.87,4.13,1,43.33
61.43,6.19,0,34.28
60.4,7.25,0,15.95
90.13,5.1,1,55.3
81.36,3.78,1,43.82
73.27,4.01,1,38.9
44.83,6.32,0,30.19
62.77,4.47,1,36.25
49.94,6.89,0,27.18
88.96,4.67,1,53.69
79.53,3.96,1,42.49
45.36,8.05,0,7.12
65.04,3.93,1,34.43
92.27,5.72,1,55.67
69.98,5.27,0,35.37
90.61,4.19,1,54.21
77.44,5.37,0,46.7
48.12,5.25,1,40.18
38.51,6.33,0,34.3
100.15,5.06,1,54.92
52.73,5.98,1,27.3
34.48,7.42,0,11.74
94.62,6.55,1,48.96
27.05,5.97,0,31.11
54.61,6.3,1,31.96
69.49,5.57,0,35.8
65.91,5.14,0,34.14
55.96,7.81,0,4.1
109.74,5.55,1,56.68
52.66,7.47,0,11.83
32.76,7.21,0,17.99
69.23,5.16,0,35.72
62.22,7.05,0,23.98
55.22,6.39,1,19.72
68.49,3.51,1,27.51
33.75,8.16,0,16.25
66.44,7.37,0,18.51
21.06,5.61,0,25.99
73.87,6.12,0,47.41
71.93,5.42,0,52.66
52.56,7.57,0,10.19
71.34,5.71,0,38.3
95.75,5.83,1,57.18
68.34,3.94,1,42.81
88.5,5.33,1,50.09
20.01,6.44,0,25.05
33.82,7.14,0,23.82
52.22,5.79,1,30.9
95.5,4.32,1,54.77
97.56,4.69,1,57.15
63.43,4.92,0,29.65
57.92,4.05,1,29.21
27.08,6.15,0,27.9
71.59,5.5,0,41.52
43.11,7.47,0,13.56
40.88,7.39,0,18.94
93.61,4.44,1,60.04
80.61,4.72,1,49.17
32.22,6.71,0,26.33
55.27,4.18,1,29.98
34.06,6.11,0,28.76
27.32,4.56,0,28.77
65.16,6.73,0,30.33
86.63,4.82,1,52.68
50.7,7.45,0,24.42
49.5,6.38,1,32.05
60.41,6.74,0,27.73
52.48,7.3,0,14.98
49.3,5.13,1,25.83
70.72,5.72,0,44.01
82.51,3.86,1,48.15
56.23,4.45,1,32.88
78.31,5.1,1,39.85
56.75,7.36,0,22.16
41.98,7.17,0,21.16
56.37,7.38,0,13.66
61.61,4.31,1,31.07
30.01,7.59,0,16.99
24.84,5.84,0,30.46
58.63,7.04,0,21.46
94.83,6.22,1,53.19
95.89,5.58,1,55.7
69.08,3.48,1,34.23
55.76,6.4,1,32.71
32.5,5.83,0,19.97
42.78,6.53,0,23.96
29.08,4.86,0,32.79
85.21,4.33,1,52.32
25.29,6.8,0,22.7
63.44,4.93,0,28.13
55.22,6.49,0,27.34
51.66,5.15,1,37.43
35.49,6.64,0,18.91
15.76,4.86,0,32.72
30.86,6.64,0,24.23
73.43,3.92,1,39.7
86.56,4.58,1,48.46
46.79,5.89,0,27.0
65.28,5.49,1,41.0
95.92,5.54,1,59.14
50.54,5.41,1,36.94
52.7,5.18,1,35.39
50.21,5.16,1,32.08
48.01,4.48,1,36.6
71.52,3.64,1,38.44
18.61,5.91,0,31.82
37.25,6.05,0,27.41
49.65,6.31,0,26.51
36.03,6.67,0,21.96
63.7,4.22,1,37.84
65.3,7.26,0,19.4
70.22,5.53,0,42.51
70.81,6.72,0,32.64
39.68,7.12,0,24.84
59.36,4.59,1,35.54
82.42,4.14,1,55.69
48.45,6.24,1,29.52
40.65,6.12,0,21.44
34.41,5.03,0,31.4
65.21,4.38,1,30.7
68.84,6.25,0,33.16
70.07,3.69,1,41.84
51.7,6.58,0,27.12
69.53,3.5,1,31.34
69.09,3.82,1,31.79
74.88,4.6,0,43.69
39.11,7.26,0,13.87
72.79,4.87,1,39.46
42.5,5.61,1,30.91
95.36,3.6,1,57.24
52.17,5.66,1,32.05
30.49,4.88,0,22.86
23.92,5.19,0,32.98
65.68,7.55,0,21.32
67.2,6.26,0,35.55
23.71,6.66,0,31.66
24.61,5.66,0,22.64
47.94,5.28,1,27.7
85.93,4.87,1,55.01
65.14,6.57,0,24.06
98.12,5.35,1,63.64
61.74,8.16,0,11.62
40.17,6.5,0,28.85
93.27,5.83,1,52.69
68.52,6.88,0,33.54
44.85,6.75,0,27.25
59.48,6.96,0,24.69
38.09,7.13,0,21.14
39.12,5.83,0,30.4
47.04,6.28,0,22.85
60.63,5.96,0,30.77
30.87,6.44,0,26.44
53.15,5.71,1,31.15
60.4,6.78,0,29.87
26.14,5.87,0,26.04
64.05,7.21,0,23.34
65.77,4.9,0,42.61
71.37,3.79,1,34.53
58.14,7.45,0,14.69
28.49,5.53,0,32.26
97.09,3.72,1,57.26
65.28,6.94,0,27.37
67.3,3.98,1,40.65
61.88,6.95,0,28.51
57.78,7.59,0,19.51
75.11,5.41,0,45.95
68.59,3.77,1,44.47
21.66,5.1,0,30.57
64.02,6.7,0,20.6
90.91,5.02,1,62.01
79.32,4.18,1,44.26
65.15,7.03,0,26.83
59.87,7.03,0,28.51
63.93,4.01,1,26.73
50.1,6.64,0,18.89
56.86,7.19,0,13.97
81.62,4.73,1,46.19
34.11,6.26,1,29.65
66.39,6.19,0,35.85
96.94,5.27,1,58.71
70.06,4.16,1,32.58
54.9,6.99,0,12.56
68.17,5.34,0,38.41
62.71,3.63,1,28.36
68.77,6.04,0,38.17
53.38,4.54,1,33.19
62.21,6.26,0,31.16
34.49,7.49,0,19.86
23.66,5.66,0,31.68
72.33,4.45,1,43.18
91.21,5.43,1,52.47
78.39,5.16,0,46.14
33.28,5.86,0,30.82
50.5,5.47,1,33.17
48.26,5.66,1,27.63
60.54,4.17,1,33.97
65.07,3.42,1,29.15
86.25,5.11,1,52.41
27.59,8.0,0,13.84
64.31,5.67,0,26.67
56.45,5.53,1,25.9
37.45,5.63,1,24.34
86.52,3.8,1,40.28
77.9,4.06,1,41.66
54.28,6.57,0,28.15
72.28,3.87,1,37.56
66.1,4.47,1,37.07
70.69,4.76,1,44.67
84.44,4.63,1,56.64
46.62,5.94,1,27.84
22.62,5.74,0,35.72
72.35,6.2,0,38.75
66.0,4.0,1,31.12
29.41,4.97,0,29.74
47.57,5.9,1,22.38
24.48,5.16,0,28.31
38.91,7.26,0,17.3
66.58,5.86,0,38.73
71.95,5.43,0,47.91
53.49,4.9,1,25.37
50.23,7.9,0,11.79
38.23,6.87,0,18.57
37.45,6.18,0,29.79
40.08,7.41,0,16.33
25.59,5.61,0,23.82
54.08,8.15,0,10.89
76.04,5.49,0,41.93
54.37,7.2,0,17.36
38.13,6.5,0,21.45
84.93,3.91,1,46.52
45.96,3.57,1,27.09
56.84,7.25,0,18.98
49.56,4.95,1,31.64
94.79,5.61,1,57.73
52.07,4.8,1,35.82
52.55,5.63,1,28.39
57.47,4.57,1,25.78
63.95,4.39,1,38.86
64.71,7.37,0,21.15
55.13,4.48,1,35.15
63.6,4.17,1,35.14
52.56,4.93,1,30.19
91.9,4.85,1,57.39
32.89,5.54,0,38.95
64.12,7.28,0,31.43
62.86,7.79,0,16.39
46.93,4.5,1,30.29
98.54,5.0,1,62.41
63.13,4.67,1,31.33
30.95,6.81,0,25.49
29.84,6.13,0,28.9
74.21,5.48,0,44.09
73.75,6.2,0,36.18
55.49,4.06,1,22.95
97.33,6.37,1,45.04
30.15,5.78,0,26.14
68.98,7.14,0,26.26
58.6,5.84,0,29.74
28.37,5.63,0,38.92
45.78,4.6,1,34.33
32.0,5.76,0,26.7
22.09,6.98,0,23.47
77.66,5.79,0,43.17
98.37,4.86,1,56.89
69.63,5.71,0,39.13
50.78,6.72,0,25.84
94.64,5.57,1,54.99
101.64,6.1,1,59.82
101.1,5.74,1,52.56
51.2,5.2,1,30.43
53.63,5.61,1,40.46
61.29,4.33,1,33.72
73.47,6.6,0,42.33
56.69,5.59,0,31.37
30.09,5.84,0,32.71
45.84,5.57,1,29.27
73.84,4.84,0,42.32
72.28,5.89,0,36.73
49.68,6.34,0,27.77
59.0,7.05,0,19.24
34.31,4.86,0,34.3
94.32,3.5,1,55.92
47.08,5.03,1,31.71
65.14,3.26,1,27.83
64.88,6.72,0,30.81
19.86,6.07,0,26.95
65.25,6.87,0,31.67
27.28,5.97,0,22.55
29.88,6.86,0,22.43
81.02,4.47,1,40.44
89.43,4.41,1,48.02
46.89,4.02,1,33.4
64.65,7.4,0,25.67
34.5,5.74,0,27.48
92.88,4.63,1,50.13
79.89,4.05,1,34.13
87.97,5.07,1,51.8
65.14,3.96,1,43.37
28.99,5.96,0,31.66
91.53,6.37,1,49.11
69.31,3.89,1,38.26
49.52,6.58,0,18.13
40.93,5.01,1,29.54
40.08,6.94,0,22.24
75.77,5.26,0,44.19
39.45,6.63,0,27.72
78.04,3.4,1,41.84
47.68,7.48,0,18.18
52.11,8.31,0,1.52
94.33,6.07,1,57.86
67.34,5.13,0,44.31
33.98,6.43,0,22.96
64.44,3.95,1,29.61
91.8,5.88,1,59.47
36.51,6.94,0,21.61
32.07,6.91,0,28.8
50.67,4.95,1,28.66
76.08,4.17,1,49.11
53.88,8.21,0,6.77
66.7,3.92,1,35.63
64.43,6.26,0,38.27
59.14,5.35,1,31.1
66.45,5.88,0,31.56
52.72,4.9,1,28.94
41.36,6.87,0,24.11
90.72,3.86,1,46.09
21.86,5.93,0,31.95
60.58,7.09,0,20.92
71.34,5.98,0,43.25
68.97,3.51,1,24.18
29.67,6.21,0,25.47
52.95,7.03,0,14.12
52.74,7.46,0,12.96
59.07,6.88,0,25.32
17.99,5.28,0,29.38
68.29,7.23,0,25.6
99.18,5.64,1,56.61
54.27,5.83,1,30.27
75.36,4.21,1,38.82
58.92,5.27,1,35.39
70.02,6.33,0,38.3
64.93,6.73,0,30.46
25.29,5.07,0,34.22
65.98,4.46,1,37.33
69.5,5.13,0,47.59
82.37,4.55,1,49.29
91.83,5.09,1,54.77
37.83,6.61,0,21.94
48.9,7.16,0,14.96
77.4,6.42,0,36.3
30.56,6.64,0,22.03
57.58,6.92,0,23.0
103.86,6.22,1,56.27
78.73,4.53,1,46.88
71.62,4.08,1,36.1
58.08,7.38,0,22.32
27.68,4.68,0,34.85
61.15,4.86,1,33.15
42.1,5.84,0,26.28
35.28,7.39,0,20.02
96.53,5.18,1,58.35
59.9,6.55,0,21.65
61.98,5.43,0,33.58
81.21,4.65,1,49.97
62.57,6.37,0,26.57
36.09,7.42,0,18.1
91.99,5.21,1,50.16
65.83,6.28,0,38.15
34.94,4.78,0,36.48
30.01,6.58,0,25.06
53.67,4.97,1,32.41
48.12,7.54,0,5.09
61.19,5.33,0,28.97
85.71,3.33,1,44.66
81.53,4.34,1,44.13
73.25,4.51,1,44.85
33.09,6.56,0,33.96
45.28,5.67,1,24.51
46.61,3.34,1,20.29
72.15,6.13,0,39.54
61.34,6.93,0,31.47
49.59,6.68,0,18.67
81.22,4.4,1,49.34
58.69,4.6,1,39.54
73.7,4.08,1,34.29
90.77,4.1,1,48.47
66.07,6.6,0,29.07
46.72,6.78,0,20.54
49.37,4.83,1,33.51
41.67,5.01,1,31.6
62.26,4.33,1,26.28
77.65,4.76,0,48.22
67.69,7.07,0,25.48
45.27,7.09,0,24.89
53.28,6.84,0,20.22
60.36,4.01,1,28.51
89.43,5.64,1,56.01
59.96,7.69,0,18.95
67.94,6.81,0,32.21
59.2,6.11,1,23.17
44.76,4.36,1,31.5
67.43,6.8,0,26.0
47.86,7.21,0,19.46
84.89,3.29,1,39.28
73.57,4.92,1,44.61
62.77,4.36,1,30.55
58.0,4.1,1,25.25
92.41,4.5,1,58.54
52.46,5.94,1,29.53
102.04,6.23,1,52.41
83.72,5.67,0,55.85
89.98,4.82,1,53.28
59.68,5.62,0,32.29
83.91,3.2,1,44.55
62.92,6.25,0,28.59
66.97,4.85,0,39.4
48.93,5.95,1,25.99
76.97,5.34,0,43.8
96.3,7.22,1,51.28
94.58,5.2,1,52.84
45.81,5.79,1,19.15
88.17,5.61,1,59.67
28.73,4.07,0,40.27
45.29,7.74,0,10.62
65.47,3.58,1,23.94
80.25,3.55,1,42.15
57.95,7.07,0,20.86
75.95,6.2,0,40.64
98.19,5.19,1,53.51
30.45,5.5,0,33.79
89.11,5.63,1,55.78
30.9,5.44,0,25.6
47.95,7.01,0,23.33
79.77,5.24,0,56.14
96.31,5.54,1,57.61
41.21,7.19,0,17.79
34.86,4.46,0,30.34
94.69,6.08,1,56.81
87.11,4.68,1,46.28
66.1,3.58,1,32.76
74.65,3.9,1,39.29
72.26,6.8,0,41.36
74.68,4.76,1,42.94
91.23,5.16,1,62.35
52.59,6.52,1,20.75
103.73,5.28,1,60.69
77.49,3.57,1,42.56
51.2,5.84,1,25.34
96.49,5.94,1,56.25
51.51,6.49,0,30.05
80.39,5.55,1,46.54
71.39,7.23,0,22.35
73.58,4.83,1,42.71
92.59,5.35,1,52.45
67.46,3.66,1,32.27
67.12,6.33,0,33.12
45.47,7.84,0,4.07
62.86,3.67,1,24.11
73.64,5.68,0,43.72
21.64,6.74,0,22.08
41.13,5.81,0,18.88
71.82,3.27,1,37.32
53.18,4.7,1,31.73
75.64,4.17,1,40.07
55.65,3.96,1,23.62
56.19,6.3,0,30.94
70.27,5.85,0,39.79
64.1,7.29,0,32.56
23.43,5.43,0,33.0
95.65,4.24,1,57.62
56.82,6.47,0,26.02
68.67,4.39,1,41.22
83.01,4.95,1,53.1
67.88,3.43,1,37.3
65.03,4.63,0,33.8
80.13,4.31,1,45.48
76.73,4.49,0,42.98
28.01,5.03,0,35.3
58.09,5.59,1,37.53
51.12,7.69,0,11.24
53.51,7.7,0,11.77
69.05,3.2,1,32.61
52.0,4.84,1,29.58
47.89,4.69,1,33.84
71.04,4.89,1,31.7
87.12,4.87,1,50.12
44.61,7.67,0,10.06
54.38,4.05,1,19.69
43.44,7.32,0,13.7
32.48,6.7,0,21.32
54.93,6.32,0,26.3
80.8,3.57,1,48.4
59.33,3.07,1,23.02
103.87,4.55,1,53.91
57.65,5.23,1,31.84
90.94,5.48,1,59.24
34.46,5.04,0,27.75
62.49,7.31,0,18.15
76.18,6.85,0,39.03
78.7,3.81,1,42.86
97.25,5.79,1,58.93
68.29,3.49,1,33.05
66.43,3.96,1,37.36
32.3,6.41,0,22.97
25.62,5.97,0,29.75
42.76,7.35,0,16.42
60.88,6.7,0,21.9
69.56,7.19,0,21.79
88.56,4.6,1,56.69
50.67,4.83,1,28.97
59.16,6.71,0,21.74
84.25,4.64,1,50.83
56.09,6.78,0,28.55
55.57,4.63,1,22.02
46.1,7.5,0,9.32
41.5,7.0,0,17.39
40.14,6.29,0,32.71
64.84,6.57,0,31.25
58.06,6.62,0,29.14
50.99,6.68,0,19.12
34.4,5.48,0,26.64
49.63,7.58,0,16.1
29.47,6.46,0,27.24
83.6,5.13,1,53.2
74.58,3.92,1,40.16
81.24,5.55,1,49.64
78.58,4.4,1,46.83
88.8,5.23,1,57.46
77.17,5.89,0,47.23
54.12,4.53,1,24.06
25.9,6.69,0,16.2
81.38,4.26,1,52.04
76.13,4.67,1,49.51
63.64,3.95,1,28.54
86.79,5.46,1,45.32
44.12,7.14,0,19.75
59.96,3.87,1,33.9
87.55,5.0,1,60.92
77.6,3.33,1,41.64
74.94,4.66,1,42.23
89.77,4.61,1,51.07
60.38,4.28,1,32.25
93.18,4.18,1,53.77
72.58,4.42,1,37.15
32.09,6.85,0,31.9
93.32,6.82,1,55.86
58.66,5.24,1,37.03
50.45,6.74,0,19.49
82.38,4.14,1,51.79
23.65,6.37,0,29.87
29.12,4.88,0,33.86
64.34,6.5,0,35.32
66.32,3.98,1,37.13
36.84,7.2,0,22.71
79.11,4.38,1,49.13
47.08,3.95,1,28.96
68.36,3.99,1,29.01
32.38,6.83,0,24.17
91.82,7.01,1,44.11
82.6,4.46,1,44.49
57.62,8.07,0,16.31
72.8,3.72,1,45.2
69.19,4.58,1,44.26
46.84,6.25,0,27.51
67.39,3.92,1,40.45
32.42,6.09,0,29.11
84.87,4.02,1,50.45
56.86,4.04,1,25.3
27.72,6.08,0,30.91
47.62,5.75,0,29.16
75.52,2.58,1,25.18
56.24,4.53,1,30.95
60.13,4.45,1,32.27
56.63,7.27,0,26.61
40.07,6.14,0,31.3
34.18,7.31,0,18.95
52.21,7.28,0,19.21
98.48,5.06,1,58.27
68.8,4.22,1,36.67
33.75,4.63,0,27.09
41.01,7.17,0,18.81
37.51,5.52,1,27.6
55.72,4.31,1,25.38
89.85,5.5,1,56.5
101.03,5.09,1,59.97
86.44,4.85,1,45.82
58.84,4.63,1,31.89
84.43,4.01,1,53.28
75.63,3.69,1,44.73
60.41,3.81,1,34.17
86.72,5.07,1,53.35
53.14,5.14,1,27.42
86.1,6.39,1,43.81
46.1,5.54,1,30.94
81.73,3.86,1,48.02
67.48,5.11,0,43.06
52.85,7.54,0,19.72
59.0,3.93,1,29.49
62.08,7.17,0,18.03
50.27,4.87,1,29.08
68.55,5.6,0,38.75
55.32,5.21,1,30.48
72.59,5.89,0,37.81
56.45,4.24,1,31.39
87.92,4.03,1,49.67
88.24,4.59,1,51.23
84.94,4.48,1,52.62
90.36,4.46,1,53.02
65.78,4.0,1,35.28
69.08,6.26,0,36.43
54.73,4.93,1,26.65
51.46,7.51,0,13.49
70.49,3.22,1,38.42
47.06,5.57,1,24.83
71.61,4.7,1,32.52
29.94,4.87,0,24.61
51.18,6.24,1,26.94
92.24,4.57,1,55.88
59.41,6.42,0,27.65
28.98,5.78,0,35.54
80.67,4.38,1,37.16
31.54,5.84,0,31.89
74.17,3.64,1,45.18
80.41,4.5,1,43.45
50.3,6.29,0,24.87
64.6,4.17,0,31.26
75.92,4.0,1,38.84
58.77,4.71,1,31.16
98.45,4.84,1,63.74
57.48,3.81,1,36.06
77.99,3.22,1,37.65
47.01,5.14,1,37.82
60.23,3.94,1,30.82
64.23,3.99,1,40.22
59.47,7.36,0,19.21
82.42,5.48,1,50.14
64.47,4.45,1,36.56
56.57,4.96,1,44.51
39.43,5.99,0,31.98
48.02,4.16,1,25.75
73.29,4.91,0,46.46
68.53,4.88,0,37.25
74.05,4.18,1,39.68
83.81,4.63,1,54.51
63.71,6.89,0,26.87
61.99,7.17,0,24.11
77.39,5.78,0,44.67
82.87,4.83,1,51.79
53.3,7.76,0,14.26
24.89,4.22,0,22.77
78.9,2.51,1,35.19
30.06,5.96,0,25.97
39.05,6.72,0,18.09
37.49,6.53,0,25.41
60.55,4.77,1,33.73
27.05,5.72,0,28.09
58.34,5.21,1,35.7
25.47,4.39,0,25.76
72.23,5.73,0,38.8
67.05,5.96,0,33.06
38.25,5.6,0,30.07
61.41,4.03,1,32.83
68.36,6.65,0,28.08
85.03,6.22,1,51.41
55.51,6.27,1,27.86
83.82,3.71,1,39.63
80.71,5.68,1,39.88
76.19,6.41,0,40.24
84.92,4.03,1,48.85
77.9,5.7,0,44.91
59.89,7.2,0,21.45
68.36,5.85,0,37.79
20.88,4.42,0,34.22
39.81,7.02,0,16.61
61.92,7.08,0,19.19
60.72,3.87,1,26.15
57.1,6.86,0,24.87
73.76,4.77,1,47.85
70.5,5.96,0,36.37
92.18,4.03,1,43.91
39.55,7.6,0,7.88
81.8,3.92,1,43.56
66.49,4.09,1,32.99
69.82,4.69,1,37.89
38.3,6.96,0,22.07
59.24,3.45,1,25.84
51.86,7.65,0,18.01
65.19,4.35,1,32.58
34.74,6.59,0,22.14
29.22,5.25,0,33.89
88.48,5.45,1,47.66
87.69,3.25,1,48.04
93.01,3.95,1,54.29
43.54,7.1,0,19.26
52.74,7.61,0,20.75
71.61,6.51,0,33.27
48.93,5.26,1,38.37
72.14,3.83,1,37.48
39.69,6.9,0,17.1
59.0,4.28,1,31.82
36.59,5.05,0,27.05
79.95,3.83,1,41.91
72.18,3.0,1,33.68
60.06,6.39,0,30.84
60.14,4.89,1,30.8
29.53,7.34,0,22.91
65.9,4.1,0,39.49
87.79,4.9,1,59.6
84.26,5.79,1,52.13
56.82,4.57,1,36.89
69.75,6.28,0,28.24
55.62,7.22,0,18.43
72.58,5.02,0,38.54
83.76,4.61,1,51.29
56.57,6.55,1,23.77
21.56,6.47,0,25.52
32.48,4.77,0,39.3
34.09,6.79,0,23.37
77.64,6.59,0,41.87
33.49,7.79,0,12.14
89.86,4.64,1,55.05
49.96,4.34,1,29.36
36.95,7.09,0,22.64
73.53,4.16,1,45.78
46.42,7.12,0,26.07
73.67,5.28,0,43.97
32.35,6.77,0,26.71
63.44,4.53,1,30.04
33.33,6.38,0,26.89
55.38,7.89,0,15.19
65.48,6.37,0,35.48
85.84,4.56,1,53.01
90.14,5.52,1,58.08
68.04,4.19,1,38.73
90.08,4.65,1,59.68
30.34,5.46,0,32.73
86.14,5.95,1,49.24
57.8,6.42,1,28.77
83.65,5.12,1,39.32
49.88,6.86,0,23.61
52.72,5.63,1,15.2
78.18,4.71,1,39.65
56.11,5.11,1,33.42
69.53,4.43,1,40.63
69.96,6.63,0,28.83
81.04,3.39,1,39.98
56.24,2.89,1,26.49
31.21,5.43,0,29.63
60.17,3.13,1,33.87
46.25,5.96,1,28.03
74.91,5.78,0,44.16
29.66,5.14,0,38.53
61.17,4.73,1,34.2
81.82,4.11,1,43.77
74.64,3.33,1,36.6
50.4,7.29,0,17.68
67.99,5.47,0,32.33
35.89,6.41,0,25.65
29.24,4.64,0,28.83
49.95,7.15,0,22.94
52.12,6.91,0,22.0
89.49,6.05,1,51.07
51.62,6.3,0,26.07
37.32,6.45,0,27.09
85.39,2.86,1,43.76
23.44,6.14,0,24.64
30.33,5.58,0,27.11
38.75,6.92,0,26.61
72.55,4.79,1,40.23
36.01,7.25,0,13.63
54.93,4.53,1,32.52
59.33,7.02,0,25.03
61.22,5.18,1,27.68
85.69,4.75,1,53.29
63.58,6.13,0,35.15
35.25,5.74,0,31.75
60.98,6.48,0,31.05
27.93,5.24,0,26.39
35.27,6.54,0,27.19
55.5,7.39,0,16.53
16.97,6.23,0,24.3
73.3,5.24,0,45.96
61.4,5.23,1,39.76
71.83,4.56,0,48.1
70.84,3.87,1,42.78
72.86,7.17,0,30.48
68.67,5.86,0,38.49
45.32,6.75,0,26.04
88.48,3.97,1,52.22
27.16,5.16,0,32.59
66.89,6.41,0,36.0
